seq,rel_path,created_files
0,/l1_000/l2_000/l3_000/n00000,2
1,/l1_001/l2_000/l3_000/n00001,2
2,/l1_002/l2_000/l3_000/n00002,2
3,/l1_003/l2_000/l3_000/n00003,2
4,/l1_004/l2_000/l3_000/n00004,2
5,/l1_000/l2_001/l3_000/n00005,2
6,/l1_001/l2_001/l3_000/n00006,2
7,/l1_002/l2_001/l3_000/n00007,2
8,/l1_003/l2_001/l3_000/n00008,2
9,/l1_004/l2_001/l3_000/n00009,2
10,/l1_000/l2_002/l3_000/n00010,2
11,/l1_001/l2_002/l3_000/n00011,2
12,/l1_002/l2_002/l3_000/n00012,2
13,/l1_003/l2_002/l3_000/n00013,2
14,/l1_004/l2_002/l3_000/n00014,2
15,/l1_000/l2_003/l3_000/n00015,2
16,/l1_001/l2_003/l3_000/n00016,2
17,/l1_002/l2_003/l3_000/n00017,2
18,/l1_003/l2_003/l3_000/n00018,2
19,/l1_004/l2_003/l3_000/n00019,2
20,/l1_000/l2_004/l3_000/n00020,2
21,/l1_001/l2_004/l3_000/n00021,2
22,/l1_002/l2_004/l3_000/n00022,2
23,/l1_003/l2_004/l3_000/n00023,2
24,/l1_004/l2_004/l3_000/n00024,2
25,/l1_000/l2_000/l3_001/n00025,2
26,/l1_001/l2_000/l3_001/n00026,2
27,/l1_002/l2_000/l3_001/n00027,2
28,/l1_003/l2_000/l3_001/n00028,2
29,/l1_004/l2_000/l3_001/n00029,2
30,/l1_000/l2_001/l3_001/n00030,2
31,/l1_001/l2_001/l3_001/n00031,2
32,/l1_002/l2_001/l3_001/n00032,2
33,/l1_003/l2_001/l3_001/n00033,2
34,/l1_004/l2_001/l3_001/n00034,2
35,/l1_000/l2_002/l3_001/n00035,2
36,/l1_001/l2_002/l3_001/n00036,2
37,/l1_002/l2_002/l3_001/n00037,2
38,/l1_003/l2_002/l3_001/n00038,2
39,/l1_004/l2_002/l3_001/n00039,2
40,/l1_000/l2_003/l3_001/n00040,2
41,/l1_001/l2_003/l3_001/n00041,2
42,/l1_002/l2_003/l3_001/n00042,2
43,/l1_003/l2_003/l3_001/n00043,2
44,/l1_004/l2_003/l3_001/n00044,2
45,/l1_000/l2_004/l3_001/n00045,2
46,/l1_001/l2_004/l3_001/n00046,2
47,/l1_002/l2_004/l3_001/n00047,2
48,/l1_003/l2_004/l3_001/n00048,2
49,/l1_004/l2_004/l3_001/n00049,2
50,/l1_000/l2_000/l3_002/n00050,2
51,/l1_001/l2_000/l3_002/n00051,2
52,/l1_002/l2_000/l3_002/n00052,2
53,/l1_003/l2_000/l3_002/n00053,2
54,/l1_004/l2_000/l3_002/n00054,2
55,/l1_000/l2_001/l3_002/n00055,2
56,/l1_001/l2_001/l3_002/n00056,2
57,/l1_002/l2_001/l3_002/n00057,2
58,/l1_003/l2_001/l3_002/n00058,2
59,/l1_004/l2_001/l3_002/n00059,2
60,/l1_000/l2_002/l3_002/n00060,2
61,/l1_001/l2_002/l3_002/n00061,2
62,/l1_002/l2_002/l3_002/n00062,2
63,/l1_003/l2_002/l3_002/n00063,2
64,/l1_004/l2_002/l3_002/n00064,2
65,/l1_000/l2_003/l3_002/n00065,2
66,/l1_001/l2_003/l3_002/n00066,2
67,/l1_002/l2_003/l3_002/n00067,2
68,/l1_003/l2_003/l3_002/n00068,2
69,/l1_004/l2_003/l3_002/n00069,2
70,/l1_000/l2_004/l3_002/n00070,2
71,/l1_001/l2_004/l3_002/n00071,2
72,/l1_002/l2_004/l3_002/n00072,2
73,/l1_003/l2_004/l3_002/n00073,2
74,/l1_004/l2_004/l3_002/n00074,2
75,/l1_000/l2_000/l3_003/n00075,2
76,/l1_001/l2_000/l3_003/n00076,2
77,/l1_002/l2_000/l3_003/n00077,2
78,/l1_003/l2_000/l3_003/n00078,2
79,/l1_004/l2_000/l3_003/n00079,2
80,/l1_000/l2_001/l3_003/n00080,2
81,/l1_001/l2_001/l3_003/n00081,2
82,/l1_002/l2_001/l3_003/n00082,2
83,/l1_003/l2_001/l3_003/n00083,2
84,/l1_004/l2_001/l3_003/n00084,2
85,/l1_000/l2_002/l3_003/n00085,2
86,/l1_001/l2_002/l3_003/n00086,2
87,/l1_002/l2_002/l3_003/n00087,2
88,/l1_003/l2_002/l3_003/n00088,2
89,/l1_004/l2_002/l3_003/n00089,2
90,/l1_000/l2_003/l3_003/n00090,2
91,/l1_001/l2_003/l3_003/n00091,2
92,/l1_002/l2_003/l3_003/n00092,2
93,/l1_003/l2_003/l3_003/n00093,2
94,/l1_004/l2_003/l3_003/n00094,2
95,/l1_000/l2_004/l3_003/n00095,2
96,/l1_001/l2_004/l3_003/n00096,2
97,/l1_002/l2_004/l3_003/n00097,2
98,/l1_003/l2_004/l3_003/n00098,2
99,/l1_004/l2_004/l3_003/n00099,2
100,/l1_000/l2_000/l3_004/n00100,2
101,/l1_001/l2_000/l3_004/n00101,2
102,/l1_002/l2_000/l3_004/n00102,2
103,/l1_003/l2_000/l3_004/n00103,2
104,/l1_004/l2_000/l3_004/n00104,2
105,/l1_000/l2_001/l3_004/n00105,2
106,/l1_001/l2_001/l3_004/n00106,2
107,/l1_002/l2_001/l3_004/n00107,2
108,/l1_003/l2_001/l3_004/n00108,2
109,/l1_004/l2_001/l3_004/n00109,2
110,/l1_000/l2_002/l3_004/n00110,2
111,/l1_001/l2_002/l3_004/n00111,2
112,/l1_002/l2_002/l3_004/n00112,2
113,/l1_003/l2_002/l3_004/n00113,2
114,/l1_004/l2_002/l3_004/n00114,2
115,/l1_000/l2_003/l3_004/n00115,2
116,/l1_001/l2_003/l3_004/n00116,2
117,/l1_002/l2_003/l3_004/n00117,2
118,/l1_003/l2_003/l3_004/n00118,2
119,/l1_004/l2_003/l3_004/n00119,2
120,/l1_000/l2_004/l3_004/n00120,2
121,/l1_001/l2_004/l3_004/n00121,2
122,/l1_002/l2_004/l3_004/n00122,2
123,/l1_003/l2_004/l3_004/n00123,2
124,/l1_004/l2_004/l3_004/n00124,2
125,/l1_000/l2_000/l3_000/n00125,2
126,/l1_001/l2_000/l3_000/n00126,2
127,/l1_002/l2_000/l3_000/n00127,2
128,/l1_003/l2_000/l3_000/n00128,2
129,/l1_004/l2_000/l3_000/n00129,2
130,/l1_000/l2_001/l3_000/n00130,2
131,/l1_001/l2_001/l3_000/n00131,2
132,/l1_002/l2_001/l3_000/n00132,2
133,/l1_003/l2_001/l3_000/n00133,2
134,/l1_004/l2_001/l3_000/n00134,2
135,/l1_000/l2_002/l3_000/n00135,2
136,/l1_001/l2_002/l3_000/n00136,2
137,/l1_002/l2_002/l3_000/n00137,2
138,/l1_003/l2_002/l3_000/n00138,2
139,/l1_004/l2_002/l3_000/n00139,2
140,/l1_000/l2_003/l3_000/n00140,2
141,/l1_001/l2_003/l3_000/n00141,2
142,/l1_002/l2_003/l3_000/n00142,2
143,/l1_003/l2_003/l3_000/n00143,2
144,/l1_004/l2_003/l3_000/n00144,2
145,/l1_000/l2_004/l3_000/n00145,2
146,/l1_001/l2_004/l3_000/n00146,2
147,/l1_002/l2_004/l3_000/n00147,2
148,/l1_003/l2_004/l3_000/n00148,2
149,/l1_004/l2_004/l3_000/n00149,2
150,/l1_000/l2_000/l3_001/n00150,2
151,/l1_001/l2_000/l3_001/n00151,2
152,/l1_002/l2_000/l3_001/n00152,2
153,/l1_003/l2_000/l3_001/n00153,2
154,/l1_004/l2_000/l3_001/n00154,2
155,/l1_000/l2_001/l3_001/n00155,2
156,/l1_001/l2_001/l3_001/n00156,2
157,/l1_002/l2_001/l3_001/n00157,2
158,/l1_003/l2_001/l3_001/n00158,2
159,/l1_004/l2_001/l3_001/n00159,2
160,/l1_000/l2_002/l3_001/n00160,2
161,/l1_001/l2_002/l3_001/n00161,2
162,/l1_002/l2_002/l3_001/n00162,2
163,/l1_003/l2_002/l3_001/n00163,2
164,/l1_004/l2_002/l3_001/n00164,2
165,/l1_000/l2_003/l3_001/n00165,2
166,/l1_001/l2_003/l3_001/n00166,2
167,/l1_002/l2_003/l3_001/n00167,2
168,/l1_003/l2_003/l3_001/n00168,2
169,/l1_004/l2_003/l3_001/n00169,2
170,/l1_000/l2_004/l3_001/n00170,2
171,/l1_001/l2_004/l3_001/n00171,2
172,/l1_002/l2_004/l3_001/n00172,2
173,/l1_003/l2_004/l3_001/n00173,2
174,/l1_004/l2_004/l3_001/n00174,2
175,/l1_000/l2_000/l3_002/n00175,2
176,/l1_001/l2_000/l3_002/n00176,2
177,/l1_002/l2_000/l3_002/n00177,2
178,/l1_003/l2_000/l3_002/n00178,2
179,/l1_004/l2_000/l3_002/n00179,2
180,/l1_000/l2_001/l3_002/n00180,2
181,/l1_001/l2_001/l3_002/n00181,2
182,/l1_002/l2_001/l3_002/n00182,2
183,/l1_003/l2_001/l3_002/n00183,2
184,/l1_004/l2_001/l3_002/n00184,2
185,/l1_000/l2_002/l3_002/n00185,2
186,/l1_001/l2_002/l3_002/n00186,2
187,/l1_002/l2_002/l3_002/n00187,2
188,/l1_003/l2_002/l3_002/n00188,2
189,/l1_004/l2_002/l3_002/n00189,2
190,/l1_000/l2_003/l3_002/n00190,2
191,/l1_001/l2_003/l3_002/n00191,2
192,/l1_002/l2_003/l3_002/n00192,2
193,/l1_003/l2_003/l3_002/n00193,2
194,/l1_004/l2_003/l3_002/n00194,2
195,/l1_000/l2_004/l3_002/n00195,2
196,/l1_001/l2_004/l3_002/n00196,2
197,/l1_002/l2_004/l3_002/n00197,2
198,/l1_003/l2_004/l3_002/n00198,2
199,/l1_004/l2_004/l3_002/n00199,2
200,/l1_000/l2_000/l3_003/n00200,2
201,/l1_001/l2_000/l3_003/n00201,2
202,/l1_002/l2_000/l3_003/n00202,2
203,/l1_003/l2_000/l3_003/n00203,2
204,/l1_004/l2_000/l3_003/n00204,2
205,/l1_000/l2_001/l3_003/n00205,2
206,/l1_001/l2_001/l3_003/n00206,2
207,/l1_002/l2_001/l3_003/n00207,2
208,/l1_003/l2_001/l3_003/n00208,2
209,/l1_004/l2_001/l3_003/n00209,2
210,/l1_000/l2_002/l3_003/n00210,2
211,/l1_001/l2_002/l3_003/n00211,2
212,/l1_002/l2_002/l3_003/n00212,2
213,/l1_003/l2_002/l3_003/n00213,2
214,/l1_004/l2_002/l3_003/n00214,2
215,/l1_000/l2_003/l3_003/n00215,2
216,/l1_001/l2_003/l3_003/n00216,2
217,/l1_002/l2_003/l3_003/n00217,2
218,/l1_003/l2_003/l3_003/n00218,2
219,/l1_004/l2_003/l3_003/n00219,2
220,/l1_000/l2_004/l3_003/n00220,2
221,/l1_001/l2_004/l3_003/n00221,2
222,/l1_002/l2_004/l3_003/n00222,2
223,/l1_003/l2_004/l3_003/n00223,2
224,/l1_004/l2_004/l3_003/n00224,2
225,/l1_000/l2_000/l3_004/n00225,2
226,/l1_001/l2_000/l3_004/n00226,2
227,/l1_002/l2_000/l3_004/n00227,2
228,/l1_003/l2_000/l3_004/n00228,2
229,/l1_004/l2_000/l3_004/n00229,2
230,/l1_000/l2_001/l3_004/n00230,2
231,/l1_001/l2_001/l3_004/n00231,2
232,/l1_002/l2_001/l3_004/n00232,2
233,/l1_003/l2_001/l3_004/n00233,2
234,/l1_004/l2_001/l3_004/n00234,2
235,/l1_000/l2_002/l3_004/n00235,2
236,/l1_001/l2_002/l3_004/n00236,2
237,/l1_002/l2_002/l3_004/n00237,2
238,/l1_003/l2_002/l3_004/n00238,2
239,/l1_004/l2_002/l3_004/n00239,2
240,/l1_000/l2_003/l3_004/n00240,2
241,/l1_001/l2_003/l3_004/n00241,2
242,/l1_002/l2_003/l3_004/n00242,2
243,/l1_003/l2_003/l3_004/n00243,2
244,/l1_004/l2_003/l3_004/n00244,2
245,/l1_000/l2_004/l3_004/n00245,2
246,/l1_001/l2_004/l3_004/n00246,2
247,/l1_002/l2_004/l3_004/n00247,2
248,/l1_003/l2_004/l3_004/n00248,2
249,/l1_004/l2_004/l3_004/n00249,2
250,/l1_000/l2_000/l3_000/n00250,2
251,/l1_001/l2_000/l3_000/n00251,2
252,/l1_002/l2_000/l3_000/n00252,2
253,/l1_003/l2_000/l3_000/n00253,2
254,/l1_004/l2_000/l3_000/n00254,2
255,/l1_000/l2_001/l3_000/n00255,2
256,/l1_001/l2_001/l3_000/n00256,2
257,/l1_002/l2_001/l3_000/n00257,2
258,/l1_003/l2_001/l3_000/n00258,2
259,/l1_004/l2_001/l3_000/n00259,2
260,/l1_000/l2_002/l3_000/n00260,2
261,/l1_001/l2_002/l3_000/n00261,2
262,/l1_002/l2_002/l3_000/n00262,2
263,/l1_003/l2_002/l3_000/n00263,2
264,/l1_004/l2_002/l3_000/n00264,2
265,/l1_000/l2_003/l3_000/n00265,2
266,/l1_001/l2_003/l3_000/n00266,2
267,/l1_002/l2_003/l3_000/n00267,2
268,/l1_003/l2_003/l3_000/n00268,2
269,/l1_004/l2_003/l3_000/n00269,2
270,/l1_000/l2_004/l3_000/n00270,2
271,/l1_001/l2_004/l3_000/n00271,2
272,/l1_002/l2_004/l3_000/n00272,2
273,/l1_003/l2_004/l3_000/n00273,2
274,/l1_004/l2_004/l3_000/n00274,2
275,/l1_000/l2_000/l3_001/n00275,2
276,/l1_001/l2_000/l3_001/n00276,2
277,/l1_002/l2_000/l3_001/n00277,2
278,/l1_003/l2_000/l3_001/n00278,2
279,/l1_004/l2_000/l3_001/n00279,2
280,/l1_000/l2_001/l3_001/n00280,2
281,/l1_001/l2_001/l3_001/n00281,2
282,/l1_002/l2_001/l3_001/n00282,2
283,/l1_003/l2_001/l3_001/n00283,2
284,/l1_004/l2_001/l3_001/n00284,2
285,/l1_000/l2_002/l3_001/n00285,2
286,/l1_001/l2_002/l3_001/n00286,2
287,/l1_002/l2_002/l3_001/n00287,2
288,/l1_003/l2_002/l3_001/n00288,2
289,/l1_004/l2_002/l3_001/n00289,2
290,/l1_000/l2_003/l3_001/n00290,2
291,/l1_001/l2_003/l3_001/n00291,2
292,/l1_002/l2_003/l3_001/n00292,2
293,/l1_003/l2_003/l3_001/n00293,2
294,/l1_004/l2_003/l3_001/n00294,2
295,/l1_000/l2_004/l3_001/n00295,2
296,/l1_001/l2_004/l3_001/n00296,2
297,/l1_002/l2_004/l3_001/n00297,2
298,/l1_003/l2_004/l3_001/n00298,2
299,/l1_004/l2_004/l3_001/n00299,2
300,/l1_000/l2_000/l3_002/n00300,2
301,/l1_001/l2_000/l3_002/n00301,2
302,/l1_002/l2_000/l3_002/n00302,2
303,/l1_003/l2_000/l3_002/n00303,2
304,/l1_004/l2_000/l3_002/n00304,2
305,/l1_000/l2_001/l3_002/n00305,2
306,/l1_001/l2_001/l3_002/n00306,2
307,/l1_002/l2_001/l3_002/n00307,2
308,/l1_003/l2_001/l3_002/n00308,2
309,/l1_004/l2_001/l3_002/n00309,2
310,/l1_000/l2_002/l3_002/n00310,2
311,/l1_001/l2_002/l3_002/n00311,2
312,/l1_002/l2_002/l3_002/n00312,2
313,/l1_003/l2_002/l3_002/n00313,2
314,/l1_004/l2_002/l3_002/n00314,2
315,/l1_000/l2_003/l3_002/n00315,2
316,/l1_001/l2_003/l3_002/n00316,2
317,/l1_002/l2_003/l3_002/n00317,2
318,/l1_003/l2_003/l3_002/n00318,2
319,/l1_004/l2_003/l3_002/n00319,2
320,/l1_000/l2_004/l3_002/n00320,2
321,/l1_001/l2_004/l3_002/n00321,2
322,/l1_002/l2_004/l3_002/n00322,2
323,/l1_003/l2_004/l3_002/n00323,2
324,/l1_004/l2_004/l3_002/n00324,2
325,/l1_000/l2_000/l3_003/n00325,2
326,/l1_001/l2_000/l3_003/n00326,2
327,/l1_002/l2_000/l3_003/n00327,2
328,/l1_003/l2_000/l3_003/n00328,2
329,/l1_004/l2_000/l3_003/n00329,2
330,/l1_000/l2_001/l3_003/n00330,2
331,/l1_001/l2_001/l3_003/n00331,2
332,/l1_002/l2_001/l3_003/n00332,2
333,/l1_003/l2_001/l3_003/n00333,2
334,/l1_004/l2_001/l3_003/n00334,2
335,/l1_000/l2_002/l3_003/n00335,2
336,/l1_001/l2_002/l3_003/n00336,2
337,/l1_002/l2_002/l3_003/n00337,2
338,/l1_003/l2_002/l3_003/n00338,2
339,/l1_004/l2_002/l3_003/n00339,2
340,/l1_000/l2_003/l3_003/n00340,2
341,/l1_001/l2_003/l3_003/n00341,2
342,/l1_002/l2_003/l3_003/n00342,2
343,/l1_003/l2_003/l3_003/n00343,2
344,/l1_004/l2_003/l3_003/n00344,2
345,/l1_000/l2_004/l3_003/n00345,2
346,/l1_001/l2_004/l3_003/n00346,2
347,/l1_002/l2_004/l3_003/n00347,2
348,/l1_003/l2_004/l3_003/n00348,2
349,/l1_004/l2_004/l3_003/n00349,2
350,/l1_000/l2_000/l3_004/n00350,2
351,/l1_001/l2_000/l3_004/n00351,2
352,/l1_002/l2_000/l3_004/n00352,2
353,/l1_003/l2_000/l3_004/n00353,2
354,/l1_004/l2_000/l3_004/n00354,2
355,/l1_000/l2_001/l3_004/n00355,2
356,/l1_001/l2_001/l3_004/n00356,2
357,/l1_002/l2_001/l3_004/n00357,2
358,/l1_003/l2_001/l3_004/n00358,2
359,/l1_004/l2_001/l3_004/n00359,2
360,/l1_000/l2_002/l3_004/n00360,2
361,/l1_001/l2_002/l3_004/n00361,2
362,/l1_002/l2_002/l3_004/n00362,2
363,/l1_003/l2_002/l3_004/n00363,2
364,/l1_004/l2_002/l3_004/n00364,2
365,/l1_000/l2_003/l3_004/n00365,2
366,/l1_001/l2_003/l3_004/n00366,2
367,/l1_002/l2_003/l3_004/n00367,2
368,/l1_003/l2_003/l3_004/n00368,2
369,/l1_004/l2_003/l3_004/n00369,2
370,/l1_000/l2_004/l3_004/n00370,2
371,/l1_001/l2_004/l3_004/n00371,2
372,/l1_002/l2_004/l3_004/n00372,2
373,/l1_003/l2_004/l3_004/n00373,2
374,/l1_004/l2_004/l3_004/n00374,2
375,/l1_000/l2_000/l3_000/n00375,2
376,/l1_001/l2_000/l3_000/n00376,2
377,/l1_002/l2_000/l3_000/n00377,2
378,/l1_003/l2_000/l3_000/n00378,2
379,/l1_004/l2_000/l3_000/n00379,2
380,/l1_000/l2_001/l3_000/n00380,2
381,/l1_001/l2_001/l3_000/n00381,2
382,/l1_002/l2_001/l3_000/n00382,2
383,/l1_003/l2_001/l3_000/n00383,2
384,/l1_004/l2_001/l3_000/n00384,2
385,/l1_000/l2_002/l3_000/n00385,2
386,/l1_001/l2_002/l3_000/n00386,2
387,/l1_002/l2_002/l3_000/n00387,2
388,/l1_003/l2_002/l3_000/n00388,2
389,/l1_004/l2_002/l3_000/n00389,2
390,/l1_000/l2_003/l3_000/n00390,2
391,/l1_001/l2_003/l3_000/n00391,2
392,/l1_002/l2_003/l3_000/n00392,2
393,/l1_003/l2_003/l3_000/n00393,2
394,/l1_004/l2_003/l3_000/n00394,2
395,/l1_000/l2_004/l3_000/n00395,2
396,/l1_001/l2_004/l3_000/n00396,2
397,/l1_002/l2_004/l3_000/n00397,2
398,/l1_003/l2_004/l3_000/n00398,2
399,/l1_004/l2_004/l3_000/n00399,2
400,/l1_000/l2_000/l3_001/n00400,2
401,/l1_001/l2_000/l3_001/n00401,2
402,/l1_002/l2_000/l3_001/n00402,2
403,/l1_003/l2_000/l3_001/n00403,2
404,/l1_004/l2_000/l3_001/n00404,2
405,/l1_000/l2_001/l3_001/n00405,2
406,/l1_001/l2_001/l3_001/n00406,2
407,/l1_002/l2_001/l3_001/n00407,2
408,/l1_003/l2_001/l3_001/n00408,2
409,/l1_004/l2_001/l3_001/n00409,2
410,/l1_000/l2_002/l3_001/n00410,2
411,/l1_001/l2_002/l3_001/n00411,2
412,/l1_002/l2_002/l3_001/n00412,2
413,/l1_003/l2_002/l3_001/n00413,2
414,/l1_004/l2_002/l3_001/n00414,2
415,/l1_000/l2_003/l3_001/n00415,2
416,/l1_001/l2_003/l3_001/n00416,2
417,/l1_002/l2_003/l3_001/n00417,2
418,/l1_003/l2_003/l3_001/n00418,2
419,/l1_004/l2_003/l3_001/n00419,2
420,/l1_000/l2_004/l3_001/n00420,2
421,/l1_001/l2_004/l3_001/n00421,2
422,/l1_002/l2_004/l3_001/n00422,2
423,/l1_003/l2_004/l3_001/n00423,2
424,/l1_004/l2_004/l3_001/n00424,2
425,/l1_000/l2_000/l3_002/n00425,2
426,/l1_001/l2_000/l3_002/n00426,2
427,/l1_002/l2_000/l3_002/n00427,2
428,/l1_003/l2_000/l3_002/n00428,2
429,/l1_004/l2_000/l3_002/n00429,2
430,/l1_000/l2_001/l3_002/n00430,2
431,/l1_001/l2_001/l3_002/n00431,2
432,/l1_002/l2_001/l3_002/n00432,2
433,/l1_003/l2_001/l3_002/n00433,2
434,/l1_004/l2_001/l3_002/n00434,2
435,/l1_000/l2_002/l3_002/n00435,2
436,/l1_001/l2_002/l3_002/n00436,2
437,/l1_002/l2_002/l3_002/n00437,2
438,/l1_003/l2_002/l3_002/n00438,2
439,/l1_004/l2_002/l3_002/n00439,2
440,/l1_000/l2_003/l3_002/n00440,2
441,/l1_001/l2_003/l3_002/n00441,2
442,/l1_002/l2_003/l3_002/n00442,2
443,/l1_003/l2_003/l3_002/n00443,2
444,/l1_004/l2_003/l3_002/n00444,2
445,/l1_000/l2_004/l3_002/n00445,2
446,/l1_001/l2_004/l3_002/n00446,2
447,/l1_002/l2_004/l3_002/n00447,2
448,/l1_003/l2_004/l3_002/n00448,2
449,/l1_004/l2_004/l3_002/n00449,2
450,/l1_000/l2_000/l3_003/n00450,2
451,/l1_001/l2_000/l3_003/n00451,2
452,/l1_002/l2_000/l3_003/n00452,2
453,/l1_003/l2_000/l3_003/n00453,2
454,/l1_004/l2_000/l3_003/n00454,2
455,/l1_000/l2_001/l3_003/n00455,2
456,/l1_001/l2_001/l3_003/n00456,2
457,/l1_002/l2_001/l3_003/n00457,2
458,/l1_003/l2_001/l3_003/n00458,2
459,/l1_004/l2_001/l3_003/n00459,2
460,/l1_000/l2_002/l3_003/n00460,2
461,/l1_001/l2_002/l3_003/n00461,2
462,/l1_002/l2_002/l3_003/n00462,2
463,/l1_003/l2_002/l3_003/n00463,2
464,/l1_004/l2_002/l3_003/n00464,2
465,/l1_000/l2_003/l3_003/n00465,2
466,/l1_001/l2_003/l3_003/n00466,2
467,/l1_002/l2_003/l3_003/n00467,2
468,/l1_003/l2_003/l3_003/n00468,2
469,/l1_004/l2_003/l3_003/n00469,2
470,/l1_000/l2_004/l3_003/n00470,2
471,/l1_001/l2_004/l3_003/n00471,2
472,/l1_002/l2_004/l3_003/n00472,2
473,/l1_003/l2_004/l3_003/n00473,2
474,/l1_004/l2_004/l3_003/n00474,2
475,/l1_000/l2_000/l3_004/n00475,2
476,/l1_001/l2_000/l3_004/n00476,2
477,/l1_002/l2_000/l3_004/n00477,2
478,/l1_003/l2_000/l3_004/n00478,2
479,/l1_004/l2_000/l3_004/n00479,2
480,/l1_000/l2_001/l3_004/n00480,2
481,/l1_001/l2_001/l3_004/n00481,2
482,/l1_002/l2_001/l3_004/n00482,2
483,/l1_003/l2_001/l3_004/n00483,2
484,/l1_004/l2_001/l3_004/n00484,2
485,/l1_000/l2_002/l3_004/n00485,2
486,/l1_001/l2_002/l3_004/n00486,2
487,/l1_002/l2_002/l3_004/n00487,2
488,/l1_003/l2_002/l3_004/n00488,2
489,/l1_004/l2_002/l3_004/n00489,2
490,/l1_000/l2_003/l3_004/n00490,2
491,/l1_001/l2_003/l3_004/n00491,2
492,/l1_002/l2_003/l3_004/n00492,2
493,/l1_003/l2_003/l3_004/n00493,2
494,/l1_004/l2_003/l3_004/n00494,2
495,/l1_000/l2_004/l3_004/n00495,2
496,/l1_001/l2_004/l3_004/n00496,2
497,/l1_002/l2_004/l3_004/n00497,2
498,/l1_003/l2_004/l3_004/n00498,2
499,/l1_004/l2_004/l3_004/n00499,2
